0x0220A006	8	0x7E	0xC0	0x00	0x00	0x00	0x00	0x00	0x00	
0x0028A006	8	0x7E	0xD7	0xF3	0x7F	0xD0	0x00	0x00	0x00	
0x0218A006	8	0x00	0x2C	0x00	0x2C	0x00	0x2C	0x00	0x2C	
0x0210A006	8	0xFF	0x01	0xFF	0x00	0x00	0x00	0x01	0x4B	
0x0010A006	8	0x00	0x00	0x00	0x00	0x00	0x00	0x00	0x00	
0x0A1CA001	8	0x00	0x01	0x00	0x00	0x00	0x00	0x01	0x80	
0x0030A002	8	0xBF	0xDF	0xE9	0xD1	0xB5	0x31	0x3E	0x8A	
0x0810A000	8	0x01	0xFE	0x18	0x00	0x00	0x00	0x00	0x00	
0x0628A001	8	0x00	0x24	0x00	0x80	0x0B	0x00	0x00	0x20	
0x0028A00F	8	0x9D	0x00	0x47	0xDC	0x7F	0x87	0xFF	0x00	
0x0618A001	8	0x00	0x0B	0x04	0x4A	0x07	0x0F	0x58	0x00	
0x0220A006	8	0x7E	0xC0	0x00	0x00	0x00	0x00	0x00	0x00	
0x0628A001	8	0x00	0x24	0x00	0x80	0x0B	0x00	0x00	0x20	
0x0220A006	8	0x7E	0xC0	0x00	0x00	0x00	0x00	0x00	0x00	
0x0210A006	8	0xFF	0x0C	0xFF	0x00	0x00	0x00	0x0C	0x83	
0x0628A001	8	0x00	0x24	0x00	0x80	0x0D	0x00	0x00	0x20	
0x0220A006	8	0x7E	0xA0	0x00	0x00	0x00	0x00	0x00	0x00	
0x0030A002	8	0xBF	0xDF	0xE9	0xD1	0xB5	0x31	0x3E	0x81	
0x0028A00F	8	0x5A	0x00	0x47	0xDC	0x7F	0x88	0x00	0x00	
0x0220A006	8	0x7E	0xC0	0x00	0x00	0x00	0x00	0x00	0x00	
0x0A20A000	4	0x00	0x00	0x02	0x00	
0x0220A006	8	0x7E	0xC0	0x00	0x00	0x00	0x00	0x00	0x00	
0x0210A006	8	0xFF	0x07	0xFF	0x00	0x00	0x00	0x07	0x8C	
0x0628A001	8	0x00	0x24	0x00	0x80	0x10	0x00	0x00	0x20	
0x0220A006	8	0x7E	0xC0	0x00	0x00	0x00	0x00	0x00	0x00	
0x0030A002	8	0xBF	0xDF	0xE9	0xD1	0xB5	0x31	0x3E	0x8B	
0x0028A00F	8	0xB4	0x00	0xF7	0xDD	0x7F	0x98	0x00	0x00	
0x0220A006	8	0x7E	0xC0	0x00	0x00	0x00	0x00	0x00	0x00	
0x0628A001	8	0x00	0x24	0x00	0x80	0x0F	0x00	0x00	0x20	
0x0220A006	8	0x7E	0xC0	0x00	0x00	0x00	0x00	0x00	0x00	
0x0210A006	8	0xFF	0x02	0xFF	0x00	0x00	0x00	0x02	0xA6	
0x0628A001	8	0x00	0x24	0x00	0x80	0x10	0x00	0x00	0x20	
0x0220A006	8	0x7E	0xC0	0x00	0x00	0x00	0x00	0x00	0x00	
0x0030A002	8	0xBF	0xDF	0xE9	0xD1	0xB5	0x31	0x3E	0x84	
0x0028A00F	8	0x7E	0x00	0x87	0xDB	0x7F	0x97	0xFF	0x00	
0x0220A006	8	0x7E	0xC0	0x00	0x00	0x00	0x00	0x00	0x00	
0x0A18A002	2	0x00	0x00	
0x0028A00F	8	0xEF	0x00	0x47	0xDD	0x7F	0x97	0xFF	0x00	
0x0028A006	8	0x7E	0xC7	0xF2	0x7F	0xD0	0x00	0x00	0x00	
0x0628A001	8	0x00	0x24	0x00	0x80	0x0F	0x00	0x00	0x20	
0x0220A006	8	0x7E	0xC0	0x00	0x00	0x00	0x00	0x00	0x00	
0x0030A002	8	0xBF	0xDF	0xE9	0xD1	0xB5	0x31	0x3E	0x8E	
0x0028A00F	8	0x13	0x00	0x37	0xDD	0x7F	0x77	0xFF	0x00	
0x0220A006	8	0x7E	0xA0	0x00	0x00	0x00	0x00	0x00	0x00	
0x0810A000	8	0x01	0xFE	0x10	0x00	0x00	0x00	0x00	0x00	
0x0028A00F	8	0x82	0x00	0xF7	0xDB	0x7F	0x77	0xFF	0x00	
0x0028A006	8	0x7E	0xC7	0xF2	0x7F	0xD0	0x00	0x00	0x00	
0x0A18A002	2	0x00	0x00	
0x0028A00F	8	0x0C	0x00	0x87	0xDA	0x7F	0x87	0xFF	0x00	
0x0028A006	8	0x7E	0xE7	0xF3	0x7F	0xD0	0x00	0x00	0x00	
0x0628A001	8	0x00	0x24	0x10	0x80	0x0E	0x00	0x00	0x20	
0x0220A006	8	0x7E	0xA0	0x00	0x00	0x00	0x00	0x00	0x00	
0x0030A002	8	0xBF	0xDF	0xE9	0xD1	0xB5	0x31	0x3E	0x82	
0x0028A00F	8	0xA1	0x00	0x77	0xDC	0x7F	0x87	0xFF	0x00	
0x0220A006	8	0x7E	0xC0	0x00	0x00	0x00	0x00	0x00	0x00	
0x0810A000	8	0x01	0xFE	0x10	0x00	0x00	0x00	0x00	0x00	
0x0028A00F	8	0x3D	0x00	0x37	0xDB	0x7F	0x88	0x00	0x00	
0x0220A006	8	0x7E	0xC0	0x00	0x00	0x00	0x00	0x00	0x00	
0x0A18A002	2	0x00	0x00	
0x0028A00F	8	0x44	0x00	0xC7	0xDA	0x7F	0x97	0xFF	0x00	
0x0028A006	8	0x7F	0x07	0xF2	0x7F	0xD0	0x00	0x00	0x00	
0x0628A001	8	0x00	0x24	0x00	0x86	0x32	0x10	0x00	0x20	
0x0220A006	8	0x7E	0xC0	0x00	0x00	0x00	0x00	0x00	0x00	
0x0030A002	8	0xBF	0xDF	0xE9	0xD1	0xB5	0x31	0x3E	0x86	
0x0028A00F	8	0x3B	0x00	0xB7	0xDD	0x7F	0x87	0xFF	0x00	
0x0220A006	8	0x7E	0xC0	0x00	0x00	0x00	0x00	0x00	0x00	
0x0810A000	8	0x01	0xFE	0x10	0x00	0x00	0x00	0x00	0x00	
0x0028A00F	8	0x9F	0x00	0x77	0xDD	0x7F	0x97	0xFE	0x00	
0x0028A006	8	0x7E	0xE7	0xF2	0x7F	0xC0	0x00	0x00	0x00	
0x0810A000	8	0x01	0xFE	0x14	0x00	0x00	0x00	0x00	0x00	
0x0028A00F	8	0xC6	0x00	0x07	0xDE	0x7F	0x98	0x00	0x00	
0x0028A006	8	0x7E	0xC7	0xF3	0x7F	0xD0	0x00	0x00	0x00	
0x0628A001	8	0x00	0x24	0x00	0x80	0x10	0x00	0x00	0x20	
0x0220A006	8	0x7E	0xC0	0x00	0x00	0x00	0x00	0x00	0x00	
0x0030A002	8	0xBF	0xDF	0xE9	0xD1	0xB5	0x31	0x3E	0x8A	
0x0028A00F	8	0x99	0x00	0xF7	0xDE	0x7F	0x87	0xFE	0x00	
0x0220A006	8	0x7E	0xC0	0x00	0x00	0x00	0x00	0x00	0x00	
0x0810A000	8	0x01	0xFE	0x10	0x00	0x00	0x00	0x00	0x00	
0x0028A00F	8	0x1D	0x00	0xB7	0xDC	0x7F	0x87	0xFE	0x00	
0x0028A006	8	0x7E	0xC7	0xF2	0x7F	0xC0	0x00	0x00	0x00	
0x0628A001	8	0x00	0x24	0x00	0x7F	0x39	0x10	0x00	0x20	
0x0220A006	8	0x7E	0xC0	0x00	0x00	0x00	0x00	0x00	0x00	
0x0810A000	8	0x01	0xFE	0x1C	0x00	0x00	0x00	0x00	0x00	
0x0628A001	8	0x00	0x24	0x00	0x80	0x19	0x00	0x00	0x20	
0x0220A006	8	0x7E	0xC0	0x00	0x00	0x00	0x00	0x00	0x00	
0x0030A002	8	0xBF	0xDF	0xE9	0xD1	0xB5	0x31	0x3E	0x81	
0x0028A00F	8	0xAD	0x00	0x67	0xDC	0x7F	0x97	0xFF	0x00	
0x0028A006	8	0x7E	0xE7	0xF3	0x7F	0xC0	0x00	0x00	0x00	
0x0628A001	8	0x00	0x24	0x00	0x80	0x14	0x00	0x00	0x20	
0x0220A006	8	0x7E	0xC0	0x00	0x00	0x00	0x00	0x00	0x00	
0x0810A000	8	0x01	0xFE	0x18	0x00	0x00	0x00	0x00	0x00	
0x0628A001	8	0x00	0x24	0x00	0x80	0x11	0x00	0x00	0x20	
0x0220A006	8	0x7E	0xC0	0x00	0x00	0x00	0x00	0x00	0x00	
0x0030A002	8	0xBF	0xDF	0xE9	0xD1	0xB5	0x31	0x3E	0x8C	
0x0028A00F	8	0xB3	0x00	0x17	0xDD	0x7F	0x87	0xFF	0x00	
0x0028A006	8	0x7E	0xD7	0xF2	0x7F	0xD0	0x00	0x00	0x00	
0x0628A001	8	0x00	0x24	0x00	0x8E	0x91	0x10	0x00	0x20	
0x0220A006	8	0x7E	0xA0	0x00	0x00	0x00	0x00	0x00	0x00	
0x0810A000	8	0x01	0xFE	0x14	0x00	0x00	0x00	0x00	0x00	
0x0628A001	8	0x00	0x24	0x00	0x63	0x39	0x10	0x00	0x20	
0x0220A006	8	0x7E	0xC0	0x00	0x00	0x00	0x00	0x00	0x00	
0x0030A002	8	0xBF	0xDF	0xE9	0xD1	0xB5	0x31	0x3E	0x87	
0x0028A00F	8	0x83	0x00	0xC7	0xDF	0x7F	0x87	0xFF	0x00	
0x0218A006	8	0x00	0x2C	0x00	0x2C	0x00	0x2C	0x00	0x2C	
0x0628A001	8	0x00	0x24	0x00	0x80	0x1A	0x00	0x00	0x20	
0x0220A006	8	0x7E	0xC0	0x00	0x00	0x00	0x00	0x00	0x00	
0x0810A000	8	0x01	0xFE	0x10	0x00	0x00	0x00	0x00	0x00	
0x0628A001	8	0x00	0x24	0x00	0x80	0x17	0x00	0x00	0x20	
0x0220A006	8	0x7E	0xC0	0x00	0x00	0x00	0x00	0x00	0x00	
0x0030A002	8	0xBF	0xDF	0xE9	0xD1	0xB5	0x31	0x3E	0x82	
0x0028A00F	8	0xCB	0x00	0x77	0xDD	0x7F	0x87	0xFF	0x00	
0x0218A006	8	0x00	0x2C	0x00	0x2C	0x00	0x2C	0x00	0x2C	
0x0628A001	8	0x00	0x24	0x00	0x80	0x11	0x00	0x00	0x20	
0x0220A006	8	0x7E	0x80	0x00	0x00	0x00	0x00	0x00	0x00	
0x0810A000	8	0x01	0xFE	0x1C	0x00	0x00	0x00	0x00	0x00	
0x0628A001	8	0x00	0x24	0x00	0x80	0x10	0x00	0x00	0x20	
0x0220A006	8	0x7E	0xC0	0x00	0x00	0x00	0x00	0x00	0x00	
0x0030A002	8	0xBF	0xDF	0xE9	0xD1	0xB5	0x31	0x3E	0x8D	
0x0028A00F	8	0x97	0x00	0x27	0xDD	0x7F	0x97	0xFF	0x00	
0x0218A006	8	0x00	0x2C	0x00	0x2C	0x00	0x2C	0x00	0x2C	
0x0628A001	8	0x00	0x24	0x00	0x80	0x10	0x00	0x00	0x20	
0x0220A006	8	0x7E	0xC0	0x00	0x00	0x00	0x00	0x00	0x00	
0x0810A000	8	0x01	0xFE	0x18	0x00	0x00	0x00	0x00	0x00	
0x0628A001	8	0x00	0x24	0x00	0x80	0x12	0x00	0x00	0x20	
0x0220A006	8	0x7E	0xA0	0x00	0x00	0x00	0x00	0x00	0x00	
0x0030A002	8	0xBF	0xDF	0xE9	0xD1	0xB5	0x31	0x3E	0x88	
0x0028A00F	8	0xD3	0x00	0xD7	0xDD	0x7F	0x67	0xFF	0x00	
0x0218A006	8	0x00	0x2C	0x00	0x2C	0x00	0x2C	0x00	0x2C	
0x0628A001	8	0x00	0x24	0x00	0x80	0x0E	0x00	0x00	0x20	
0x0220A006	8	0x7E	0xA0	0x00	0x00	0x00	0x00	0x00	0x00	
0x0810A000	8	0x01	0xFE	0x14	0x00	0x00	0x00	0x00	0x00	
0x0628A001	8	0x00	0x24	0x00	0x80	0x0D	0x00	0x00	0x20	
0x0220A006	8	0x7E	0xA0	0x00	0x00	0x00	0x00	0x00	0x00	
0x0030A002	8	0xBF	0xDF	0xE9	0xD1	0xB5	0x31	0x3E	0x83	
0x0028A00F	8	0xD3	0x00	0x87	0xDA	0x7F	0x98	0x00	0x00	
0x0218A006	8	0x00	0x2C	0x00	0x2C	0x00	0x2C	0x00	0x2C	
0x0628A001	8	0x00	0x24	0x00	0x80	0x0C	0x00	0x00	0x20	
0x0220A006	8	0x7E	0xD0	0x00	0x00	0x00	0x00	0x00	0x00	
0x0810A000	8	0x01	0xFE	0x10	0x00	0x00	0x00	0x00	0x00	
0x0628A001	8	0x00	0x24	0x00	0x80	0x0B	0x00	0x00	0x20	
0x0220A006	8	0x7E	0xC0	0x00	0x00	0x00	0x00	0x00	0x00	
0x0030A002	8	0xBF	0xDF	0xE9	0xD1	0xB5	0x31	0x3E	0x8E	
0x0028A00F	8	0x3D	0x00	0x37	0xDB	0x7F	0x88	0x00	0x00	